model,precision_at_k,recall_at_k,ndcg_at_k,alpha
tfidf,0.0013,0.0065,0.0032252293518229,
sbert,0.00105,0.00525,0.002611688766528,
lightfm,0.0056,0.028,0.0150979376412745,
ncf,0.00085,0.00425,0.002284424617216,
hybrid_alpha_0.6,0.00175,0.00875,0.0045720424028604,0.6
hybrid_best_alpha,0.0056,0.028,0.0150979376412745,0.0
