model,alpha,precision_at_10,recall_at_10,ndcg_at_10
tfidf,,0.00085,0.00425,0.0024637545030256
lightfm,,0.00425,0.02125,0.01139911958234
hybrid_alpha_0.6,0.6,0.0014,0.007,0.0040215736455518
hybrid_best_alpha,0.0,0.00425,0.02125,0.01139911958234
