alpha,precision_at_k,recall_at_k,ndcg_at_k
0.0,0.005600000000000001,0.028,0.01509793764127457
0.3,0.00485,0.02425,0.013767167174949854
0.5,0.0024500000000000004,0.01225,0.00635611393857887
0.6,0.0017500000000000003,0.00875,0.004562690348227813
0.7,0.0016,0.008,0.0039961852887682794
1.0,0.0013000000000000004,0.0065,0.003180664392978143
