alpha,precision_at_k,recall_at_k,ndcg_at_k
0.0,0.00425,0.02125,0.011399119582340042
0.3,0.0038000000000000004,0.019,0.010757231794532748
0.5,0.00175,0.00875,0.005135650838510653
0.7,0.00115,0.00575,0.0033527726886917837
1.0,0.0008500000000000001,0.00425,0.0024637545030256652
