alpha,precision_at_k,recall_at_k,ndcg_at_k
0.0,0.005600000000000001,0.028,0.01509793764127457
0.3,0.00485,0.02425,0.013749306616629355
0.5,0.0024500000000000004,0.01225,0.006399626253856871
0.6,0.0017500000000000003,0.00875,0.0045720424028604665
0.7,0.0016,0.008,0.004029420329844903
1.0,0.0013000000000000004,0.0065,0.0032252293518229003
