model,precision_at_k,recall_at_k,ndcg_at_k
tfidf,0.0008500000000000001,0.00425,0.0024637545030256652
lightfm,0.00425,0.02125,0.011399119582340042
hybrid_alpha_0.6,0.0014,0.007,0.004021573645551891
