model,precision_at_k,recall_at_k,ndcg_at_k
tfidf,0.0013000000000000004,0.0065,0.003180664392978143
sbert,0.0011,0.0055,0.0027670626879344735
lightfm,0.005600000000000001,0.028,0.01509793764127457
ncf,0.0008500000000000001,0.00425,0.002284424617216002
random,0.0004,0.002,0.0013106952852079484
hybrid_alpha_0.6,0.0017500000000000003,0.00875,0.004562690348227813
hybrid_best_alpha,0.005600000000000001,0.028,0.01509793764127457
