model,precision_at_k,recall_at_k,ndcg_at_k
tfidf,0.0013000000000000004,0.0065,0.0032252293518229003
sbert,0.0010500000000000002,0.00525,0.0026116887665280472
lightfm,0.005600000000000001,0.028,0.01509793764127457
ncf,0.0008500000000000001,0.00425,0.002284424617216002
hybrid_alpha_0.6,0.0017500000000000003,0.00875,0.0045720424028604665
hybrid_best_alpha,0.005600000000000001,0.028,0.01509793764127457
